Atributo,Coeficiente,Impacto_Absoluto
SigIndicador_FEC,-0.506184050626434,0.506184050626434
mes_seno,-0.4566944521445543,0.4566944521445543
SigAgente_CPFL-PAULISTA,-0.29437325869145137,0.29437325869145137
SigAgente_COPEL-DIS,-0.27284116969719857,0.27284116969719857
SigAgente_COELBA,-0.26817715472727816,0.26817715472727816
SigAgente_EMT,-0.26540113037505714,0.26540113037505714
SigAgente_ELEKTRO,-0.2495012947724131,0.2495012947724131
VlrLimite,-0.24211896440852737,0.24211896440852737
SigAgente_EQUATORIAL MA,0.33286185305201804,0.33286185305201804
SigAgente_CELESC,0.3887458981859415,0.3887458981859415
SigAgente_LIGHT SESA,0.39901766443920167,0.39901766443920167
SigAgente_EQUATORIAL PA,0.4376540451845414,0.4376540451845414
SigIndicador_DEC,0.506184050626434,0.506184050626434
PercentualDoLimite,0.5159158243557298,0.5159158243557298
SigAgente_EQUATORIAL GO,0.5373438624818007,0.5373438624818007
